{
  "cacheBootResources": true,
  "config": [ ],
  "debugBuild": false,
  "entryAssembly": "Medical_App_1.Client",
  "icuDataMode": 0,
  "linkerEnabled": true,
  "resources": {
    "assembly": {
      "Microsoft.AspNetCore.Components.dll": "sha256-6aOLO3IJiYOB8tgyenO4qDU++dt3onjVu1SLzRrI7QQ=",
      "Microsoft.AspNetCore.Components.Web.dll": "sha256-rv2lp+8RWy2ZzcpUAw8qy\/sUVgmOvvNm3jaWmXVm2GA=",
      "Microsoft.AspNetCore.Components.WebAssembly.dll": "sha256-iX3Ivpa6hfLuhSDpb7tmGTcT3coC0Y7C5k5knea7Gnk=",
      "Microsoft.Extensions.Configuration.dll": "sha256-bZZ69\/58+BnN9G33FpTd2iXAdfgLbBnDUiiKxfaZ7IU=",
      "Microsoft.Extensions.Configuration.Abstractions.dll": "sha256-7mxFRRlriJzO95ZBz4cmDSFADogdaoDy8MxzQoNtwaU=",
      "Microsoft.Extensions.Configuration.Json.dll": "sha256-cwzKuqTaJjYc5QXknt6NaBt\/MWSt9DYHfmu0I\/CV2mc=",
      "Microsoft.Extensions.DependencyInjection.dll": "sha256-FeC8HgxeanM762z1oRQhKGnqVlpZD2VQwi9E+ifxngk=",
      "Microsoft.Extensions.DependencyInjection.Abstractions.dll": "sha256-8L6pzpycBrKxgs\/3WsBVoR\/7NenUcL+e0i19DvlMog8=",
      "Microsoft.Extensions.Logging.dll": "sha256-TpIA498zSsaZAjS+42XzHSmeWdSuY4\/\/ydfZQGlz1O8=",
      "Microsoft.Extensions.Logging.Abstractions.dll": "sha256-TSzg6qsgsxZ162vc0deudnTvJ85ORFBpjYjqJ7LqFSA=",
      "Microsoft.Extensions.Options.dll": "sha256-g1C9Fnh++M4k1mLduCz2yUnf\/70tTCbdZ\/s6bDjsmZM=",
      "Microsoft.Extensions.Primitives.dll": "sha256-32yXMbcCMbfUq7vtlIPput8uO7SZK8E9m3V8EXMScBc=",
      "Microsoft.JSInterop.dll": "sha256-RlG3wdxJS6xrBvdJjkyh6lCRkSBJMAZn\/6pix8Wqz20=",
      "Microsoft.JSInterop.WebAssembly.dll": "sha256-yT+bbWuB5cB\/aNRh463wYo1hgm9S+3WzmRSgCRs6U98=",
      "System.IO.Pipelines.dll": "sha256-qZYTUS+ga7CydtH54fYPbehFCvx3B49I74G8dxreTog=",
      "Medical_App_1.Shared.dll": "sha256-IbjQGXMkP9OJduUTkfC58mkng\/pO6TPTQIedv9sB8Us=",
      "Medical_App_1.Client.dll": "sha256-zDtDerVupiWGV8zBauR\/GsFaf8qqjhmuwN6Yo6ClBDY=",
      "System.Collections.Concurrent.dll": "sha256-VxgcMAYBQT0sj59oZwLA9lWJsHqwRclQEQMCaFHwMXk=",
      "System.Collections.Immutable.dll": "sha256-HzVYXAaRsfNYcq4osT36aQejf1w7SX0Ce2ZByL1JJ\/Q=",
      "System.Collections.dll": "sha256-fz7reOymz2fJDV35pLamg6eBoWAWn3R3bPi76r1bqOE=",
      "System.ComponentModel.dll": "sha256-HY8Ia0aLTS97IvXvOVlnOMcXbcUBaigXxbezni7TbnY=",
      "System.Console.dll": "sha256-QHEpD\/qHP1N8zPZfyFFB8Yk4fnL410nJDOXmE4qCCz0=",
      "System.Linq.dll": "sha256-MbSuP3GykT1h0PELX4oMl2IqhdNXi7m9JB91UpVO9vs=",
      "System.Memory.dll": "sha256-uP5t1YUOHsLZM1FmPokMCxrkf5HRaLQfFaiSrHYsSyk=",
      "System.Net.Http.Json.dll": "sha256-v8067of0NycS4K67i+aKZIgCtOTw4LSQj3mkYv8FRz8=",
      "System.Net.Http.dll": "sha256-v8jsJrnPRQxJ6yfq0N38H4I8oF00\/KrRxXDgrMJUUqw=",
      "System.Net.Primitives.dll": "sha256-wxCfJmsGnnfBfj6GHXfTDxU0BS8NAeWe711kudskNHs=",
      "System.ObjectModel.dll": "sha256-Sv4L3JeDYImHwO0jSdJB6RaCMETAEFtTDZFQfZiEkxc=",
      "System.Private.Runtime.InteropServices.JavaScript.dll": "sha256-8dWVw6P2GftzKgQ9dKxnDwonJiW+L4S8k2ONaKwXUKk=",
      "System.Private.Uri.dll": "sha256-uUc1rY5YHxtPSCf6q1IuFyiAX\/niYvc1ZTAJ1eza5J0=",
      "System.Runtime.CompilerServices.Unsafe.dll": "sha256-GEySmGhtvGbv56DLJ\/JpZft8j0V0AGOjVxb9RLihJM4=",
      "System.Runtime.InteropServices.RuntimeInformation.dll": "sha256-Fi\/opQiEC89VkXba7O3mWPciajM8zJxPLytH39DE5mM=",
      "System.Text.Encodings.Web.dll": "sha256-5G5fWLAre5QkeTjx3LNhRf0hot\/ikOlhSTyCGT\/LSOU=",
      "System.Text.Json.dll": "sha256-9u5nc2KrfhtIt4l+w5REWURRgW4rKqr2daClzOvc3SI=",
      "System.Private.CoreLib.dll": "sha256-JfBaYZz7feXruL4GybVQnPv\/6be0LUybROVUajJv9u0="
    },
    "lazyAssembly": null,
    "pdb": null,
    "runtime": {
      "dotnet.timezones.blat": "sha256-ir9YCVnnk7popgsYUkvitfGA4WpkP1ydPh\/ENHnxGys=",
      "dotnet.wasm": "sha256-YXYNlLeMqRPFVpY2KSDhleLkNk35d9KvzzwwKAoiftc=",
      "icudt.dat": "sha256-m7NyeXyxM+CL04jr9ui1Z6pVfMWwhHusuz5qNZWpAwA=",
      "icudt_CJK.dat": "sha256-91bygK5voY9lG5wxP0\/uj7uH5xljF9u7iWnSldT1Z\/g=",
      "icudt_EFIGS.dat": "sha256-DPfeOLph83b2rdx40cKxIBcfVZ8abTWAFq+RBQMxGw0=",
      "icudt_no_CJK.dat": "sha256-oM7Z6aN9jHmCYqDMCBwFgFAYAGgsH1jLC\/Z6DYeVmmk=",
      "dotnet.5.0.12.js": "sha256-WS05RNygETTzJa6IrHiyyVLJPZpiosV319Lgm41Sv48="
    },
    "satelliteResources": null
  }
}